idade,salario_anual,genero,estado_civil,num_filhos,tem_carro,compras_online_ult_ano,target
56,35287,Masculino,Casado,0,1,2,1
46,64387,Feminino,Casado,0,0,7,0
32,38512,Masculino,Casado,1,1,23,0
60,31342,Feminino,Casado,4,1,14,0
25,93076,Feminino,Divorciado,1,0,42,0
38,49216,Feminino,Divorciado,1,1,30,0
56,109767,Masculino,Divorciado,0,1,8,0
36,56614,Feminino,Solteiro,1,0,38,0
40,66258,Feminino,Divorciado,0,0,44,0
28,72078,Masculino,Casado,4,0,1,0
28,113524,Feminino,Divorciado,3,1,7,0
41,42219,Feminino,Casado,0,1,6,1
53,30235,Feminino,Solteiro,4,0,43,0
57,72929,Feminino,Casado,3,0,38,0
42,97444,Feminino,Casado,2,1,41,0
20,38567,Masculino,Casado,0,0,15,0
39,100792,Feminino,Solteiro,0,0,34,0
19,95441,Feminino,Divorciado,2,0,29,0
41,114555,Masculino,Divorciado,2,1,9,1
61,103698,Masculino,Solteiro,0,1,37,0
47,35415,Masculino,Casado,2,1,17,0
55,66159,Feminino,Divorciado,1,1,49,0
19,73925,Masculino,Solteiro,3,1,4,0
38,35951,Feminino,Divorciado,3,1,28,0
50,117388,Feminino,Solteiro,3,0,38,1
29,38007,Masculino,Casado,1,1,33,0
39,71832,Masculino,Divorciado,2,1,42,1
61,88596,Feminino,Solteiro,4,0,44,1
42,60523,Masculino,Divorciado,2,1,22,1
44,118861,Feminino,Divorciado,0,1,4,0
59,116740,Masculino,Divorciado,3,0,29,0
45,45524,Masculino,Divorciado,2,0,5,0
33,49282,Masculino,Solteiro,4,0,45,0
32,53930,Feminino,Casado,0,1,43,0
64,30077,Masculino,Solteiro,1,0,3,1
61,50611,Feminino,Solteiro,1,1,28,0
20,46984,Feminino,Solteiro,4,1,22,0
54,44060,Feminino,Casado,0,1,5,0
24,112985,Feminino,Divorciado,3,1,31,0
38,114056,Masculino,Divorciado,2,0,41,0
26,73303,Feminino,Divorciado,0,0,17,1
56,89207,Feminino,Casado,1,1,14,0
35,105046,Masculino,Divorciado,4,0,39,1
21,59287,Feminino,Casado,4,1,31,1
42,69711,Masculino,Divorciado,2,1,8,1
31,41954,Feminino,Divorciado,4,1,36,0
26,103340,Masculino,Solteiro,4,0,9,1
43,102101,Feminino,Casado,0,1,19,0
19,101520,Masculino,Solteiro,3,1,5,0
37,117062,Feminino,Solteiro,2,0,47,0
45,48574,Feminino,Solteiro,0,0,2,0
64,39184,Masculino,Casado,3,0,41,0
24,49096,Masculino,Casado,0,0,10,0
61,97728,Masculino,Divorciado,0,1,42,0
25,64016,Masculino,Solteiro,4,0,16,1
64,41246,Feminino,Divorciado,3,1,31,0
52,75558,Feminino,Solteiro,2,0,3,0
31,48381,Masculino,Casado,2,0,3,0
34,66455,Feminino,Casado,3,0,16,0
53,34018,Masculino,Casado,4,0,40,1
57,41302,Masculino,Solteiro,1,0,18,0
21,97506,Feminino,Casado,0,0,4,0
19,71157,Feminino,Solteiro,4,1,31,0
23,84917,Feminino,Divorciado,3,0,21,1
59,113122,Feminino,Solteiro,0,0,5,0
21,54519,Feminino,Divorciado,2,0,34,1
46,117487,Feminino,Solteiro,1,0,21,0
35,86819,Feminino,Divorciado,2,1,0,0
43,110910,Masculino,Casado,3,0,19,0
61,101324,Masculino,Divorciado,0,0,21,1
51,35408,Masculino,Casado,3,0,47,0
27,89379,Masculino,Casado,0,0,10,0
53,55053,Masculino,Divorciado,4,1,12,0
31,39446,Feminino,Solteiro,1,0,41,0
48,30922,Masculino,Solteiro,4,1,2,0
32,81356,Masculino,Solteiro,4,0,8,1
25,40789,Masculino,Solteiro,3,1,11,0
31,96656,Masculino,Solteiro,1,1,22,0
40,74028,Masculino,Casado,0,0,13,1
57,94484,Masculino,Solteiro,0,0,32,0
38,62154,Masculino,Casado,2,1,17,0
33,112870,Feminino,Casado,0,1,48,0
62,32336,Feminino,Casado,3,0,40,0
35,97779,Masculino,Divorciado,4,1,8,0
64,49029,Feminino,Divorciado,4,1,22,0
41,89201,Feminino,Casado,4,1,9,0
43,62265,Feminino,Divorciado,1,0,18,0
42,73872,Feminino,Solteiro,0,1,46,1
62,76197,Masculino,Solteiro,3,1,4,1
58,85180,Feminino,Casado,1,1,46,1
46,53710,Feminino,Solteiro,2,0,22,1
32,59486,Feminino,Casado,3,0,29,0
62,101907,Masculino,Casado,3,1,24,1
18,101895,Masculino,Solteiro,3,0,27,0
42,94435,Masculino,Divorciado,4,1,33,0
24,70631,Masculino,Solteiro,3,0,44,0
26,50103,Masculino,Solteiro,0,0,47,0
41,94772,Masculino,Casado,3,1,46,1
18,44382,Masculino,Casado,4,0,24,1
61,114291,Feminino,Casado,3,0,9,0
25,33756,Feminino,Casado,2,0,13,1
41,50609,Feminino,Divorciado,2,1,41,0
28,46478,Masculino,Divorciado,4,0,45,0
34,69666,Masculino,Divorciado,0,0,29,0
25,105683,Masculino,Casado,0,1,40,0
52,101315,Masculino,Casado,1,0,24,1
52,107834,Masculino,Casado,4,0,13,1
50,44153,Feminino,Divorciado,3,0,34,1
22,106325,Feminino,Casado,4,0,47,0
59,42999,Masculino,Solteiro,1,0,33,1
56,85318,Masculino,Solteiro,4,1,9,0
58,30814,Masculino,Casado,4,1,34,1
45,106077,Masculino,Solteiro,1,0,10,0
24,32443,Feminino,Solteiro,0,0,10,0
26,105993,Masculino,Divorciado,3,0,20,0
25,105916,Masculino,Casado,1,1,20,0
29,103319,Masculino,Casado,2,1,21,0
51,47368,Masculino,Divorciado,0,0,44,0
50,45328,Feminino,Solteiro,2,0,6,0
40,86942,Masculino,Solteiro,0,1,16,0
41,57306,Masculino,Casado,3,0,1,0
54,115451,Feminino,Solteiro,3,1,11,0
52,69915,Feminino,Divorciado,4,1,41,0
61,67219,Feminino,Divorciado,2,0,17,0
57,110879,Masculino,Casado,0,1,10,0
39,94644,Masculino,Divorciado,3,0,15,1
44,90279,Feminino,Divorciado,1,0,48,1
52,83028,Feminino,Casado,3,0,17,0
18,30126,Feminino,Divorciado,1,0,34,1
52,82329,Feminino,Divorciado,0,0,25,1
54,57632,Feminino,Divorciado,3,0,15,1
64,95310,Feminino,Solteiro,3,1,5,0
31,85176,Masculino,Casado,0,1,43,0
20,116066,Masculino,Casado,3,1,42,0
18,74327,Masculino,Casado,1,1,46,0
22,98904,Feminino,Solteiro,3,0,46,0
43,33797,Feminino,Solteiro,2,1,47,0
31,77882,Feminino,Casado,4,1,41,1
56,43718,Feminino,Solteiro,1,1,11,1
44,64560,Feminino,Casado,2,0,12,0
26,106589,Feminino,Solteiro,0,1,3,0
32,52116,Masculino,Divorciado,1,0,38,0
32,66244,Masculino,Divorciado,4,1,1,1
43,31645,Feminino,Casado,4,0,25,0
59,77523,Masculino,Solteiro,0,0,26,0
30,49256,Feminino,Solteiro,0,1,26,0
49,83173,Masculino,Divorciado,1,0,14,0
56,67430,Feminino,Divorciado,3,0,7,0
49,69282,Feminino,Solteiro,0,1,6,0
21,93374,Masculino,Solteiro,3,1,46,1
47,98244,Masculino,Solteiro,2,1,45,1
54,41694,Feminino,Solteiro,4,0,39,1
40,86264,Feminino,Solteiro,3,0,11,1
56,105060,Masculino,Solteiro,4,0,12,0
62,87545,Masculino,Casado,3,1,42,0
32,69224,Feminino,Solteiro,2,0,16,1
60,43224,Masculino,Divorciado,0,0,16,1
46,70738,Feminino,Casado,2,0,35,0
53,55150,Feminino,Solteiro,0,0,20,0
30,93731,Feminino,Divorciado,0,0,7,0
49,79688,Feminino,Casado,4,0,4,0
24,103509,Masculino,Divorciado,2,0,25,0
39,38577,Masculino,Solteiro,3,1,15,0
45,38070,Masculino,Solteiro,2,1,35,0
19,38666,Masculino,Solteiro,4,1,27,0
59,87761,Masculino,Solteiro,0,0,28,1
62,66368,Masculino,Casado,4,0,46,0
23,36783,Masculino,Casado,1,1,11,0
45,71914,Feminino,Divorciado,1,0,36,0
45,100507,Masculino,Solteiro,3,1,29,1
61,109026,Masculino,Divorciado,4,0,22,0
61,97526,Feminino,Casado,3,0,15,1
37,100835,Masculino,Solteiro,3,1,13,0
47,75765,Masculino,Solteiro,1,1,9,1
28,49956,Feminino,Casado,3,1,6,1
45,117895,Masculino,Casado,1,1,44,0
42,76240,Masculino,Casado,0,1,36,0
56,67148,Masculino,Casado,4,0,28,0
50,34757,Feminino,Casado,3,0,2,0
18,49097,Masculino,Solteiro,1,0,14,0
44,40395,Masculino,Casado,2,1,35,0
30,46241,Feminino,Solteiro,3,1,46,0
58,57696,Masculino,Solteiro,0,1,45,0
20,100480,Feminino,Casado,0,1,18,0
56,76163,Feminino,Casado,2,1,12,0
23,49816,Masculino,Solteiro,1,1,41,0
25,79840,Feminino,Casado,3,0,20,0
44,82853,Feminino,Casado,1,0,36,0
26,54917,Masculino,Casado,0,0,26,0
54,51566,Feminino,Divorciado,1,0,28,1
50,105452,Feminino,Solteiro,0,0,19,0
59,92823,Masculino,Divorciado,1,1,24,0
61,50806,Masculino,Casado,2,1,5,0
41,105520,Masculino,Divorciado,4,1,35,1
32,31759,Feminino,Casado,2,1,1,1
49,71949,Masculino,Divorciado,2,1,21,1
49,32482,Feminino,Casado,4,1,31,0
41,54442,Feminino,Divorciado,4,0,15,0
58,63719,Feminino,Divorciado,3,1,17,0
29,88066,Feminino,Divorciado,3,1,4,0
56,32079,Feminino,Solteiro,2,1,35,1
19,32717,Feminino,Divorciado,2,1,29,0
20,89676,Feminino,Solteiro,0,0,44,1
54,57952,Masculino,Casado,0,0,18,0
34,116444,Masculino,Divorciado,3,1,22,1
19,72460,Feminino,Casado,3,0,33,0
19,102847,Feminino,Casado,0,0,12,0
45,119106,Masculino,Divorciado,0,1,42,0
40,48449,Feminino,Solteiro,1,1,28,0
54,63536,Masculino,Divorciado,1,1,35,0
49,94077,Masculino,Casado,0,1,21,1
50,68258,Masculino,Casado,1,1,46,0
18,78302,Feminino,Divorciado,4,0,35,0
36,58865,Feminino,Solteiro,3,1,8,0
19,36645,Masculino,Solteiro,3,1,38,0
61,68000,Masculino,Casado,0,1,18,1
43,56737,Masculino,Casado,2,0,37,1
49,41485,Masculino,Solteiro,0,1,5,1
23,68565,Masculino,Divorciado,1,1,46,1
49,55522,Feminino,Casado,2,1,14,1
21,95155,Masculino,Solteiro,1,0,19,0
28,85168,Feminino,Casado,4,1,8,1
34,82487,Masculino,Divorciado,1,1,31,0
55,42342,Feminino,Solteiro,4,1,3,0
41,70806,Feminino,Casado,4,0,49,0
22,78770,Feminino,Divorciado,1,1,17,1
51,108623,Feminino,Casado,1,1,4,1
23,105629,Feminino,Divorciado,4,1,19,0
39,82603,Feminino,Divorciado,2,0,22,1
28,111974,Masculino,Solteiro,4,1,10,1
33,56399,Feminino,Divorciado,3,1,36,0
50,115382,Masculino,Casado,4,1,21,0
26,111244,Feminino,Divorciado,2,0,3,1
23,106534,Feminino,Divorciado,3,0,28,0
33,85106,Masculino,Solteiro,0,1,43,0
46,60678,Feminino,Divorciado,0,0,33,0
20,106218,Masculino,Divorciado,2,0,12,0
37,93230,Masculino,Casado,4,0,41,1
53,104055,Masculino,Solteiro,1,1,8,0
36,86373,Masculino,Solteiro,2,1,41,1
43,61480,Feminino,Solteiro,3,0,30,1
20,115230,Feminino,Divorciado,3,0,6,1
36,98836,Masculino,Solteiro,0,0,3,0
37,102258,Feminino,Divorciado,3,1,18,0
49,69986,Feminino,Divorciado,2,1,41,0
24,54160,Masculino,Casado,3,0,29,0
58,115595,Feminino,Casado,2,0,30,1
50,109111,Masculino,Casado,1,0,34,0
57,94929,Masculino,Casado,0,0,20,0
56,103506,Feminino,Casado,3,1,30,0
35,64911,Feminino,Divorciado,2,0,18,1
57,117127,Feminino,Divorciado,4,1,30,1
18,61821,Masculino,Solteiro,0,0,31,0
28,105039,Masculino,Divorciado,1,0,1,1
45,90535,Feminino,Divorciado,2,0,9,0
42,114458,Feminino,Casado,1,0,1,0
40,42175,Feminino,Divorciado,1,0,1,1
48,84771,Feminino,Casado,3,1,23,0
47,116925,Masculino,Solteiro,3,0,16,1
59,96358,Feminino,Solteiro,2,0,31,0
52,47327,Masculino,Divorciado,4,0,15,0
24,77057,Masculino,Solteiro,2,1,15,1
33,36150,Feminino,Divorciado,4,1,45,0
43,34425,Feminino,Solteiro,1,1,38,1
19,46032,Feminino,Casado,0,1,30,1
18,32198,Masculino,Casado,2,0,42,0
29,90500,Feminino,Casado,2,0,23,0
22,83394,Feminino,Casado,4,0,0,0
54,50079,Masculino,Divorciado,1,1,10,0
49,66220,Feminino,Solteiro,1,0,20,0
26,71874,Masculino,Divorciado,4,0,3,0
58,43859,Feminino,Casado,1,1,6,0
52,80460,Masculino,Divorciado,3,1,25,0
36,61419,Feminino,Solteiro,0,1,46,1
33,38705,Feminino,Divorciado,2,0,49,1
20,72880,Masculino,Solteiro,0,0,11,1
37,53236,Masculino,Divorciado,2,1,30,0
41,117955,Feminino,Solteiro,3,0,16,1
50,115514,Masculino,Solteiro,1,1,32,0
41,45358,Masculino,Casado,4,1,10,1
28,106918,Masculino,Solteiro,3,0,27,1
25,44596,Masculino,Casado,0,1,31,0
53,63572,Feminino,Casado,4,1,0,0
55,108757,Feminino,Casado,1,1,46,1
57,31279,Masculino,Divorciado,3,0,27,1
37,93197,Masculino,Divorciado,4,1,41,1
52,92516,Masculino,Divorciado,3,1,6,0
42,37083,Masculino,Divorciado,3,1,1,0
52,47771,Feminino,Solteiro,1,1,41,0
42,59975,Feminino,Solteiro,2,1,23,1
46,75648,Masculino,Divorciado,4,1,3,0
35,78285,Masculino,Solteiro,1,1,43,1
63,49063,Masculino,Solteiro,3,0,18,0
35,97642,Feminino,Casado,1,0,25,0
19,116143,Masculino,Casado,2,1,10,0
52,67599,Feminino,Casado,4,0,39,1
33,81920,Masculino,Casado,2,0,49,0
58,58529,Feminino,Solteiro,0,1,42,0
53,65954,Masculino,Divorciado,4,0,10,0
50,57856,Feminino,Solteiro,2,1,44,0
21,32573,Masculino,Solteiro,3,1,2,0
50,108344,Masculino,Solteiro,4,1,11,1
31,65367,Masculino,Casado,4,1,2,0
38,90774,Feminino,Casado,1,1,41,0
37,53752,Masculino,Casado,3,0,26,1
25,85029,Feminino,Divorciado,0,1,48,1
24,47685,Feminino,Solteiro,2,0,1,0
20,81693,Masculino,Divorciado,1,1,48,0
34,85961,Masculino,Casado,2,1,15,1
50,106908,Masculino,Divorciado,0,1,1,1
29,104532,Feminino,Solteiro,0,0,29,1
39,111994,Masculino,Solteiro,4,1,19,0
39,86133,Feminino,Casado,0,1,37,0
63,91268,Feminino,Casado,2,1,27,1
47,68243,Masculino,Divorciado,3,1,24,0
55,87384,Masculino,Casado,3,0,31,0
55,61653,Masculino,Casado,4,1,9,1
62,56657,Masculino,Solteiro,2,0,41,0
25,69952,Masculino,Casado,2,1,39,0
44,52180,Masculino,Casado,0,0,32,0
44,108411,Feminino,Solteiro,2,0,12,0
51,31622,Feminino,Solteiro,1,1,40,0
38,78756,Feminino,Divorciado,0,1,41,1
47,70809,Masculino,Casado,1,0,46,0
50,46725,Feminino,Solteiro,4,1,36,0
45,91396,Feminino,Divorciado,3,1,15,1
64,81226,Feminino,Divorciado,4,1,44,0
50,111182,Feminino,Casado,3,0,21,0
22,112565,Feminino,Casado,4,1,19,1
36,59402,Masculino,Divorciado,2,1,49,1
21,34263,Masculino,Solteiro,1,1,42,0
52,76828,Feminino,Divorciado,3,0,26,1
34,77924,Feminino,Casado,0,1,40,0
61,104182,Feminino,Solteiro,1,0,15,1
45,89052,Masculino,Solteiro,0,1,33,0
47,41664,Masculino,Divorciado,1,0,31,1
46,65737,Feminino,Casado,1,1,25,0
63,119563,Masculino,Divorciado,4,1,24,0
23,59373,Masculino,Divorciado,3,0,1,0
52,66397,Feminino,Divorciado,3,0,11,0
58,116145,Masculino,Solteiro,1,0,39,1
54,68709,Masculino,Solteiro,2,1,8,0
41,91120,Feminino,Casado,2,1,11,0
46,49250,Masculino,Casado,0,1,25,0
63,51172,Masculino,Divorciado,0,1,8,0
48,41555,Feminino,Divorciado,4,0,9,1
52,117410,Masculino,Divorciado,1,1,31,1
50,108617,Masculino,Casado,0,1,33,0
38,83276,Feminino,Solteiro,0,1,47,1
49,87492,Feminino,Solteiro,1,1,19,1
40,83002,Feminino,Divorciado,4,1,38,0
50,119599,Masculino,Divorciado,0,1,1,0
20,102355,Feminino,Divorciado,4,1,0,1
35,54762,Masculino,Divorciado,3,0,35,0
42,41046,Feminino,Casado,4,1,23,1
59,58769,Masculino,Solteiro,2,1,26,0
48,83302,Feminino,Divorciado,2,1,1,0
20,53150,Feminino,Casado,4,1,30,0
57,98247,Feminino,Divorciado,2,0,13,0
63,34853,Feminino,Divorciado,3,0,1,1
41,119399,Masculino,Solteiro,1,0,28,0
49,51792,Feminino,Divorciado,2,0,14,0
64,89129,Feminino,Solteiro,2,0,11,1
39,104478,Masculino,Solteiro,4,0,36,0
40,97298,Feminino,Solteiro,3,1,27,0
19,61987,Masculino,Casado,1,0,19,1
44,45850,Feminino,Casado,4,0,38,1
59,42112,Feminino,Solteiro,4,1,23,0
19,54058,Feminino,Divorciado,3,0,20,0
43,75420,Masculino,Solteiro,1,1,9,0
34,68890,Feminino,Divorciado,3,1,45,0
57,96017,Feminino,Solteiro,1,0,13,0
50,77304,Feminino,Divorciado,3,1,36,0
26,62921,Masculino,Casado,4,0,17,0
60,31524,Masculino,Divorciado,4,0,23,0
56,45048,Feminino,Solteiro,0,1,13,0
46,65111,Masculino,Casado,2,1,33,0
59,67904,Feminino,Divorciado,3,0,11,1
43,84912,Feminino,Divorciado,0,1,21,1
52,64008,Feminino,Divorciado,2,1,5,0
42,30060,Feminino,Divorciado,3,0,35,0
41,104666,Feminino,Divorciado,1,0,44,0
30,113559,Feminino,Casado,2,1,35,0
24,85337,Feminino,Casado,4,0,21,0
53,43350,Masculino,Casado,0,0,13,0
62,54354,Masculino,Casado,2,0,15,0
37,75186,Masculino,Solteiro,2,0,35,1
18,58145,Masculino,Casado,4,0,24,0
25,64020,Masculino,Divorciado,3,0,31,0
63,116123,Masculino,Divorciado,1,0,32,1
33,105186,Masculino,Casado,4,1,44,0
31,115469,Feminino,Divorciado,1,0,35,0
29,50581,Feminino,Casado,3,1,19,0
40,118929,Feminino,Divorciado,2,1,17,0
32,53051,Feminino,Solteiro,1,1,37,1
45,81474,Masculino,Solteiro,0,0,2,0
51,99626,Masculino,Casado,0,0,22,0
19,36960,Feminino,Casado,4,1,31,0
49,65772,Feminino,Casado,3,0,44,0
40,51520,Masculino,Divorciado,4,1,15,1
39,79481,Feminino,Casado,4,0,4,1
42,66408,Feminino,Solteiro,4,0,3,0
39,87134,Feminino,Divorciado,0,1,20,0
39,50491,Feminino,Casado,0,1,39,0
59,31341,Masculino,Divorciado,4,1,13,1
23,74623,Feminino,Divorciado,0,0,38,0
32,30338,Feminino,Casado,3,1,30,0
60,101431,Masculino,Divorciado,4,0,13,0
54,42254,Masculino,Solteiro,0,0,5,0
50,81860,Feminino,Solteiro,1,0,11,0
25,41344,Masculino,Divorciado,4,1,15,0
61,31750,Feminino,Casado,4,1,16,0
61,84756,Feminino,Divorciado,3,1,44,0
22,97957,Masculino,Solteiro,2,0,22,0
56,88053,Feminino,Divorciado,2,0,13,1
21,100855,Feminino,Divorciado,3,1,6,0
23,45896,Feminino,Solteiro,3,0,45,0
62,85761,Feminino,Divorciado,3,0,31,0
49,92552,Masculino,Divorciado,2,1,14,0
47,107454,Masculino,Casado,3,1,43,0
64,57935,Feminino,Casado,0,1,16,1
52,67641,Masculino,Solteiro,4,0,40,0
57,59711,Feminino,Solteiro,4,0,46,1
33,100342,Feminino,Solteiro,1,0,43,0
30,42182,Feminino,Casado,1,0,33,0
59,117833,Feminino,Solteiro,4,0,4,0
47,86276,Feminino,Solteiro,0,1,44,0
36,49541,Masculino,Solteiro,2,0,26,1
34,112310,Feminino,Casado,2,0,22,1
36,74813,Masculino,Divorciado,0,0,39,1
45,67198,Masculino,Solteiro,2,1,13,1
43,38820,Feminino,Divorciado,3,1,14,1
54,54070,Feminino,Solteiro,4,1,42,0
43,99768,Feminino,Divorciado,4,0,32,0
40,41122,Feminino,Casado,0,1,30,0
26,110559,Feminino,Casado,2,1,34,0
29,103543,Masculino,Solteiro,1,1,16,1
18,113441,Feminino,Divorciado,1,0,27,0
18,71786,Feminino,Casado,2,1,18,0
64,36737,Masculino,Solteiro,1,0,45,0
51,66062,Masculino,Solteiro,0,0,22,0
49,84237,Feminino,Casado,0,1,31,0
42,81571,Masculino,Casado,2,0,39,0
57,55510,Feminino,Solteiro,1,1,12,0
62,49426,Masculino,Divorciado,0,0,19,0
18,67265,Masculino,Divorciado,0,1,34,0
33,47850,Feminino,Divorciado,3,1,4,0
56,96150,Masculino,Solteiro,3,1,8,0
22,117312,Masculino,Casado,0,0,28,0
39,119613,Masculino,Solteiro,2,1,5,0
46,104910,Masculino,Casado,4,0,24,0
20,82375,Masculino,Divorciado,4,1,30,0
29,65435,Masculino,Divorciado,0,0,21,0
43,87132,Feminino,Casado,0,0,1,0
33,108945,Feminino,Casado,0,1,44,0
54,112050,Masculino,Solteiro,2,1,4,0
39,32983,Feminino,Divorciado,3,1,26,1
46,50662,Feminino,Solteiro,0,1,24,0
31,53510,Feminino,Solteiro,0,1,7,1
45,108187,Masculino,Solteiro,1,0,0,0
22,70998,Feminino,Divorciado,2,1,19,0
64,86846,Masculino,Solteiro,0,1,43,0
47,36640,Feminino,Solteiro,1,0,22,0
63,74547,Masculino,Solteiro,4,1,31,0
22,84620,Masculino,Solteiro,0,1,10,0
29,45317,Feminino,Solteiro,0,0,38,0
33,37564,Feminino,Solteiro,1,1,46,0
43,57345,Masculino,Divorciado,2,1,23,0
43,109273,Feminino,Solteiro,0,1,10,0
38,104859,Feminino,Casado,4,0,28,0
56,110765,Feminino,Solteiro,0,1,25,0
53,104038,Masculino,Solteiro,4,0,15,1
50,82393,Masculino,Divorciado,3,1,34,1
47,96081,Feminino,Divorciado,3,0,19,1
54,59430,Feminino,Casado,4,1,45,0
40,105532,Feminino,Casado,2,0,2,1
27,57788,Masculino,Divorciado,0,0,0,1
22,78543,Masculino,Divorciado,0,0,46,0
53,43919,Feminino,Solteiro,3,0,0,0
51,99346,Feminino,Divorciado,4,0,16,1
48,69974,Feminino,Casado,0,0,1,0
27,46371,Feminino,Solteiro,0,1,28,0
36,75084,Feminino,Casado,2,1,19,0
49,59629,Feminino,Solteiro,1,0,5,0
18,81184,Masculino,Divorciado,3,0,7,1
22,91916,Feminino,Casado,3,0,28,0
62,103972,Masculino,Solteiro,1,0,47,0
21,92187,Feminino,Solteiro,0,1,32,0
33,42984,Feminino,Divorciado,2,0,2,0
41,63039,Masculino,Divorciado,2,1,34,0
33,115431,Masculino,Divorciado,3,1,4,0
19,113691,Masculino,Casado,2,0,26,1
45,88606,Masculino,Solteiro,1,0,43,0
49,40616,Feminino,Divorciado,0,1,11,0
44,80072,Masculino,Casado,1,1,19,0
37,54574,Feminino,Casado,4,0,44,0
41,33430,Masculino,Casado,3,0,19,1
29,42676,Feminino,Divorciado,2,0,8,1
52,40816,Feminino,Divorciado,4,1,38,1
50,62733,Feminino,Solteiro,2,1,3,0
50,115680,Feminino,Solteiro,0,0,18,0
60,32050,Feminino,Divorciado,0,1,37,0
54,63933,Feminino,Casado,0,1,26,0
29,54951,Masculino,Casado,2,0,44,1
20,62413,Feminino,Casado,4,0,42,1
18,64801,Masculino,Solteiro,0,1,12,1
50,85619,Masculino,Casado,4,1,12,1
57,62913,Feminino,Solteiro,2,0,21,1
27,70600,Masculino,Solteiro,4,0,27,0
60,87775,Feminino,Casado,2,0,46,0
61,65400,Masculino,Casado,2,0,44,0
46,34494,Feminino,Divorciado,3,0,21,0
30,110688,Masculino,Divorciado,2,1,42,0
29,119431,Feminino,Casado,2,1,18,0
48,104691,Feminino,Solteiro,1,1,7,1
63,73001,Feminino,Solteiro,0,1,7,0
19,97364,Feminino,Solteiro,3,0,41,1
52,75028,Masculino,Solteiro,3,0,25,1
40,67573,Feminino,Solteiro,3,0,47,0
34,30806,Masculino,Divorciado,1,1,25,0
43,86638,Masculino,Casado,2,1,22,0
25,59757,Masculino,Divorciado,0,1,42,1
46,64636,Feminino,Solteiro,4,0,12,1
43,110097,Masculino,Solteiro,2,1,27,1
27,78280,Masculino,Solteiro,1,0,8,0
43,54262,Masculino,Solteiro,2,0,19,0
51,110435,Feminino,Casado,2,0,18,0
58,92211,Feminino,Solteiro,1,0,47,1
24,84842,Masculino,Casado,3,0,38,0
21,86979,Feminino,Solteiro,3,0,11,0
62,111470,Feminino,Casado,0,1,14,0
28,68197,Masculino,Divorciado,0,0,30,0
46,71844,Masculino,Solteiro,3,0,13,0
53,94754,Feminino,Casado,4,1,10,0
42,64157,Masculino,Divorciado,2,0,25,0
38,107129,Feminino,Solteiro,4,1,41,0
53,70042,Feminino,Solteiro,2,1,26,1
27,91665,Feminino,Solteiro,3,1,10,1
54,112856,Feminino,Casado,0,0,37,0
26,57376,Feminino,Casado,0,0,33,1
41,85554,Feminino,Divorciado,4,1,42,0
52,44199,Masculino,Casado,0,0,18,0
52,111412,Masculino,Casado,3,0,5,1
53,80948,Feminino,Solteiro,4,1,45,1
35,103781,Feminino,Solteiro,2,1,37,1
56,102750,Feminino,Solteiro,0,0,48,0
49,96262,Masculino,Solteiro,1,1,41,0
41,76600,Feminino,Solteiro,0,1,27,1
40,106898,Masculino,Solteiro,2,1,0,0
49,92483,Feminino,Solteiro,4,0,34,0
54,48297,Feminino,Divorciado,2,0,39,1
29,60448,Masculino,Divorciado,1,0,7,1
30,56172,Masculino,Divorciado,3,1,46,1
40,72874,Feminino,Divorciado,0,0,6,0
42,37657,Feminino,Solteiro,4,1,10,1
52,114386,Feminino,Divorciado,3,0,38,0
58,55425,Masculino,Solteiro,2,0,3,0
47,56685,Masculino,Divorciado,4,1,24,0
34,54578,Masculino,Casado,3,0,11,0
37,58831,Masculino,Divorciado,4,1,25,0
42,37906,Masculino,Divorciado,1,0,37,0
39,91413,Masculino,Solteiro,1,0,45,0
30,84028,Feminino,Divorciado,0,1,11,0
36,37287,Feminino,Casado,0,1,42,0
53,63660,Masculino,Solteiro,1,1,36,0
29,105758,Feminino,Solteiro,4,0,45,0
58,90504,Feminino,Divorciado,1,0,23,1
36,89720,Masculino,Solteiro,0,0,15,1
29,64701,Feminino,Solteiro,1,1,12,0
26,113300,Masculino,Solteiro,1,1,24,1
24,47674,Masculino,Solteiro,4,1,3,0
45,113560,Feminino,Solteiro,3,0,10,0
31,53874,Masculino,Solteiro,0,0,31,1
48,73642,Masculino,Casado,4,1,48,0
36,95160,Masculino,Divorciado,1,0,6,1
64,47602,Masculino,Casado,1,1,45,0
33,118801,Masculino,Solteiro,3,0,10,1
22,55931,Masculino,Solteiro,0,0,27,0
52,59192,Masculino,Divorciado,0,1,40,0
29,76542,Masculino,Casado,2,0,22,0
42,72520,Feminino,Divorciado,0,0,44,1
38,94772,Feminino,Casado,3,1,22,0
53,88762,Feminino,Solteiro,2,1,49,1
40,80106,Masculino,Divorciado,2,0,27,0
33,111121,Masculino,Divorciado,1,1,42,0
56,55559,Feminino,Solteiro,1,0,46,0
62,63742,Feminino,Divorciado,0,1,25,0
59,99669,Feminino,Casado,2,0,24,1
56,110199,Masculino,Casado,1,0,28,0
31,51754,Feminino,Casado,3,1,18,0
48,33972,Feminino,Casado,1,0,32,0
22,100831,Masculino,Solteiro,1,0,35,0
52,71873,Feminino,Divorciado,2,1,13,1
40,39903,Masculino,Casado,2,1,13,0
46,33020,Masculino,Solteiro,4,0,34,0
60,71755,Masculino,Divorciado,3,1,29,1
28,115956,Feminino,Divorciado,2,1,27,1
35,116988,Feminino,Solteiro,0,0,16,0
64,75648,Masculino,Solteiro,3,0,2,0
29,39516,Feminino,Casado,3,1,15,0
26,32396,Feminino,Divorciado,2,1,45,0
27,114082,Feminino,Divorciado,3,1,29,1
61,49129,Feminino,Solteiro,2,0,28,0
34,31591,Masculino,Divorciado,1,0,44,0
55,41303,Feminino,Casado,4,0,14,0
24,60561,Masculino,Divorciado,1,0,45,0
63,101719,Masculino,Solteiro,2,0,24,0
30,116231,Feminino,Solteiro,2,0,37,0
57,37314,Masculino,Casado,1,0,41,0
59,49623,Feminino,Casado,0,1,46,0
26,97675,Feminino,Divorciado,0,1,37,0
44,95082,Masculino,Divorciado,0,0,22,0
19,113624,Masculino,Solteiro,2,0,24,0
22,63130,Masculino,Casado,3,0,41,0
46,81756,Masculino,Casado,2,1,6,0
54,56292,Feminino,Casado,3,0,21,0
55,116206,Feminino,Divorciado,1,1,16,0
36,99274,Feminino,Casado,4,1,17,0
25,32469,Masculino,Solteiro,3,1,48,1
62,83947,Masculino,Solteiro,0,1,40,1
18,52534,Masculino,Divorciado,2,1,9,1
39,93620,Feminino,Divorciado,1,0,9,0
34,78874,Masculino,Casado,0,0,6,1
24,79708,Feminino,Divorciado,1,1,47,0
42,104553,Masculino,Solteiro,4,0,49,0
62,98344,Feminino,Casado,2,1,37,0
21,79138,Feminino,Solteiro,2,1,26,1
53,84302,Masculino,Casado,4,0,32,0
23,77638,Masculino,Divorciado,2,0,0,0
48,108249,Feminino,Casado,3,0,43,1
36,32719,Feminino,Casado,1,0,33,1
61,52890,Masculino,Solteiro,0,0,3,0
56,107236,Masculino,Solteiro,4,1,16,0
44,66509,Feminino,Casado,3,0,3,0
27,72534,Masculino,Divorciado,0,0,42,1
43,48787,Feminino,Divorciado,0,0,25,0
36,78845,Feminino,Solteiro,4,1,3,0
56,87932,Masculino,Divorciado,3,0,0,1
20,63062,Masculino,Solteiro,0,1,6,0
62,105713,Masculino,Divorciado,0,0,29,0
30,117263,Masculino,Casado,3,0,49,0
45,90461,Masculino,Solteiro,2,1,8,0
37,105418,Feminino,Solteiro,0,0,34,0
45,96672,Feminino,Casado,1,0,7,0
25,64832,Masculino,Solteiro,3,1,23,0
58,61966,Masculino,Divorciado,0,0,18,0
56,102545,Masculino,Divorciado,4,1,35,0
18,42987,Feminino,Solteiro,1,1,49,1
20,67311,Masculino,Divorciado,0,1,42,1
30,61575,Masculino,Solteiro,1,1,26,0
45,93852,Feminino,Casado,1,1,31,0
42,31007,Feminino,Solteiro,2,0,13,0
50,100981,Masculino,Casado,1,0,17,1
55,106242,Masculino,Divorciado,2,0,27,0
23,77517,Masculino,Casado,3,1,28,1
61,59257,Feminino,Divorciado,2,1,15,0
62,117272,Masculino,Solteiro,4,1,34,1
49,72207,Masculino,Divorciado,0,1,46,1
62,43281,Masculino,Solteiro,3,0,30,1
64,91246,Feminino,Solteiro,3,0,3,0
38,31435,Feminino,Casado,4,1,36,0
33,56660,Masculino,Casado,2,1,16,0
38,35084,Masculino,Casado,0,0,38,0
28,112197,Feminino,Casado,2,1,47,0
54,43507,Feminino,Divorciado,1,1,45,0
53,102595,Feminino,Divorciado,2,1,25,0
52,113807,Feminino,Divorciado,3,0,47,0
36,75539,Feminino,Solteiro,0,0,38,0
37,37491,Feminino,Divorciado,2,1,40,0
35,80192,Feminino,Divorciado,0,0,3,1
64,110395,Feminino,Divorciado,0,1,29,0
58,93888,Feminino,Casado,1,1,29,0
31,103609,Masculino,Divorciado,1,0,21,0
32,39077,Masculino,Solteiro,3,1,10,1
48,50953,Masculino,Casado,4,1,1,0
18,106919,Feminino,Solteiro,0,0,43,0
20,97889,Masculino,Divorciado,4,1,11,0
33,53821,Feminino,Casado,3,1,29,0
40,67567,Feminino,Solteiro,0,1,35,0
28,54860,Masculino,Divorciado,0,0,17,1
29,51195,Feminino,Solteiro,4,1,25,1
27,107475,Masculino,Solteiro,2,0,6,0
49,117266,Masculino,Solteiro,1,1,0,0
33,51427,Masculino,Divorciado,2,1,25,0
25,57083,Feminino,Divorciado,4,1,22,0
55,117046,Masculino,Solteiro,1,1,25,0
29,87372,Feminino,Casado,2,0,44,0
41,74064,Masculino,Casado,1,0,5,1
45,37813,Masculino,Divorciado,0,1,5,1
25,61598,Masculino,Divorciado,2,1,43,0
45,57082,Feminino,Divorciado,1,1,7,0
53,59241,Feminino,Divorciado,1,1,23,0
43,74569,Feminino,Divorciado,1,1,21,0
25,41745,Masculino,Casado,2,1,18,0
45,56029,Masculino,Divorciado,3,1,36,0
45,43025,Feminino,Solteiro,2,1,17,1
54,44288,Feminino,Solteiro,4,0,30,1
58,119186,Feminino,Casado,2,0,36,0
53,36540,Feminino,Solteiro,1,0,29,0
44,111958,Feminino,Casado,0,1,41,0
34,98878,Feminino,Casado,2,1,32,0
26,71846,Masculino,Solteiro,2,1,9,0
50,105932,Feminino,Divorciado,1,0,36,0
37,47482,Masculino,Solteiro,0,1,11,0
30,53411,Masculino,Solteiro,0,0,29,0
45,80975,Feminino,Casado,4,1,26,1
46,90545,Feminino,Solteiro,2,0,38,0
30,108797,Masculino,Casado,0,0,8,0
63,82307,Feminino,Divorciado,0,0,20,0
52,33093,Feminino,Divorciado,3,1,11,0
23,107258,Masculino,Divorciado,3,0,28,0
35,52042,Masculino,Solteiro,0,1,32,1
22,82930,Masculino,Casado,4,1,42,1
64,74413,Feminino,Divorciado,0,1,14,0
42,63756,Masculino,Casado,1,1,1,0
19,83268,Feminino,Casado,2,1,38,0
27,69214,Masculino,Divorciado,4,0,43,0
47,111871,Masculino,Divorciado,1,1,17,1
62,58602,Masculino,Casado,4,1,2,0
22,83331,Feminino,Divorciado,1,1,6,0
50,78901,Feminino,Casado,2,1,42,0
18,93416,Masculino,Casado,2,1,17,0
35,62196,Masculino,Divorciado,3,0,43,1
49,35626,Masculino,Solteiro,1,0,37,0
64,37424,Feminino,Divorciado,3,1,36,1
28,42857,Masculino,Solteiro,1,0,32,0
38,49982,Feminino,Casado,3,0,43,1
43,106961,Masculino,Casado,2,1,30,0
42,31980,Masculino,Solteiro,4,0,10,0
39,78290,Masculino,Casado,3,1,3,1
44,56431,Masculino,Solteiro,1,0,17,0
30,114976,Masculino,Solteiro,1,0,3,0
50,112711,Masculino,Casado,2,0,48,0
51,56385,Feminino,Solteiro,1,1,33,1
58,68158,Masculino,Divorciado,0,0,28,0
52,53019,Feminino,Divorciado,4,0,23,1
18,48639,Masculino,Casado,3,1,21,0
38,115530,Masculino,Casado,4,1,1,0
23,51563,Feminino,Solteiro,2,0,43,1
45,69341,Masculino,Solteiro,3,1,5,0
34,35776,Feminino,Solteiro,3,0,41,1
22,66444,Feminino,Solteiro,0,0,24,1
48,98916,Masculino,Divorciado,2,1,20,0
22,38711,Feminino,Divorciado,1,1,15,0
55,104318,Feminino,Casado,0,1,30,0
20,112970,Masculino,Solteiro,0,0,13,1
40,115553,Feminino,Solteiro,4,1,38,1
54,60707,Masculino,Casado,4,0,27,0
54,69110,Masculino,Solteiro,4,1,31,0
27,91788,Masculino,Solteiro,0,0,27,0
27,112879,Masculino,Solteiro,1,1,48,1
36,68827,Feminino,Solteiro,3,0,8,0
34,35655,Masculino,Solteiro,4,1,44,0
38,74859,Masculino,Casado,1,0,21,0
31,83625,Feminino,Solteiro,2,1,31,1
26,82098,Masculino,Casado,4,1,4,0
63,45251,Masculino,Solteiro,3,0,22,0
18,30526,Feminino,Divorciado,2,1,4,0
62,98760,Feminino,Divorciado,2,0,41,0
30,77837,Feminino,Divorciado,3,0,31,1
21,41536,Feminino,Divorciado,4,1,9,1
18,58541,Feminino,Casado,0,0,38,0
57,109083,Feminino,Casado,3,1,14,0
49,81027,Feminino,Solteiro,3,1,6,0
51,64531,Masculino,Divorciado,3,0,28,0
45,38712,Feminino,Casado,2,1,46,1
48,95455,Feminino,Solteiro,1,0,2,0
25,104744,Feminino,Solteiro,0,0,18,0
56,35109,Masculino,Casado,4,1,9,0
43,79268,Masculino,Divorciado,4,1,27,0
51,84615,Feminino,Solteiro,1,0,28,0
20,112503,Feminino,Divorciado,3,0,14,0
29,59759,Feminino,Divorciado,0,1,34,0
18,115708,Masculino,Divorciado,4,1,5,1
61,90112,Masculino,Solteiro,4,1,11,0
22,56589,Feminino,Divorciado,3,1,46,0
47,60015,Masculino,Solteiro,1,0,37,1
47,59009,Feminino,Divorciado,0,1,12,0
34,113309,Masculino,Solteiro,1,0,28,1
64,92046,Masculino,Divorciado,1,0,18,0
40,56143,Feminino,Casado,0,1,2,0
32,36154,Feminino,Divorciado,0,0,7,0
54,51804,Feminino,Divorciado,4,1,7,0
38,71688,Feminino,Solteiro,4,0,19,0
31,94288,Masculino,Solteiro,0,1,46,1
19,81195,Masculino,Divorciado,2,0,3,0
28,50581,Masculino,Casado,4,0,20,0
56,82648,Feminino,Casado,2,1,2,0
55,60087,Masculino,Solteiro,0,1,44,0
51,79930,Feminino,Casado,4,0,7,0
55,62981,Masculino,Divorciado,1,0,22,0
51,99298,Feminino,Solteiro,0,1,15,1
35,76167,Feminino,Divorciado,3,0,12,1
47,105304,Masculino,Solteiro,2,1,2,0
32,73408,Feminino,Solteiro,0,0,47,0
44,69499,Feminino,Solteiro,0,1,8,1
51,82269,Masculino,Solteiro,4,0,13,1
55,68559,Feminino,Casado,4,1,12,0
50,104319,Feminino,Divorciado,4,1,6,1
41,78787,Feminino,Divorciado,3,0,14,0
32,65488,Masculino,Divorciado,4,1,6,1
47,104441,Masculino,Solteiro,0,0,37,0
59,104663,Feminino,Casado,4,1,33,0
34,52431,Masculino,Divorciado,1,1,40,1
22,91681,Feminino,Casado,4,1,21,0
46,93483,Feminino,Solteiro,3,0,23,0
21,79153,Feminino,Divorciado,1,1,48,0
27,36368,Feminino,Casado,0,0,36,1
34,57424,Feminino,Solteiro,0,1,43,1
27,75004,Masculino,Casado,2,0,0,1
34,113869,Feminino,Divorciado,1,0,9,0
37,118652,Masculino,Divorciado,2,0,42,1
41,86985,Masculino,Solteiro,1,1,15,0
22,80069,Feminino,Solteiro,1,0,45,0
51,82326,Feminino,Solteiro,3,1,7,1
23,111061,Masculino,Casado,2,0,48,0
19,53398,Masculino,Casado,3,0,24,0
30,80861,Masculino,Casado,1,0,49,0
60,105897,Feminino,Solteiro,0,0,11,0
60,111905,Masculino,Divorciado,1,1,24,1
28,98577,Feminino,Divorciado,3,0,16,0
64,95641,Feminino,Casado,2,0,25,1
40,39078,Feminino,Casado,2,1,45,0
33,55003,Masculino,Divorciado,3,0,47,0
48,92768,Feminino,Divorciado,2,0,13,0
28,81047,Feminino,Casado,4,0,40,1
33,101626,Feminino,Casado,0,0,35,0
25,87660,Feminino,Divorciado,0,1,22,1
21,79786,Feminino,Solteiro,0,1,42,0
57,31925,Masculino,Casado,2,0,5,0
21,113976,Feminino,Divorciado,2,1,46,0
42,56015,Feminino,Divorciado,1,1,4,1
20,63320,Masculino,Divorciado,1,0,42,1
49,94881,Feminino,Divorciado,0,1,24,0
20,56289,Masculino,Solteiro,4,0,17,0
44,33389,Feminino,Divorciado,1,1,12,0
46,55683,Masculino,Casado,1,1,42,1
49,43629,Masculino,Solteiro,2,1,13,0
36,91550,Feminino,Divorciado,4,0,27,1
38,54826,Feminino,Solteiro,0,1,17,1
22,56630,Feminino,Casado,1,0,27,0
35,76163,Masculino,Divorciado,4,0,26,1
45,96435,Masculino,Casado,4,1,31,0
59,41653,Masculino,Divorciado,0,0,46,0
39,57961,Feminino,Divorciado,4,1,8,0
38,111941,Masculino,Divorciado,4,0,39,0
23,104137,Masculino,Divorciado,4,0,31,1
18,63662,Feminino,Divorciado,1,1,19,0
22,86446,Masculino,Solteiro,0,1,27,0
58,51288,Masculino,Divorciado,4,1,32,0
29,66877,Feminino,Divorciado,4,1,3,0
43,45313,Masculino,Solteiro,1,0,45,0
63,110885,Feminino,Solteiro,0,0,33,0
51,102715,Feminino,Solteiro,2,0,47,0
31,40326,Feminino,Solteiro,1,1,2,1
43,31560,Feminino,Solteiro,0,0,25,1
62,109148,Feminino,Solteiro,4,1,7,0
44,113186,Masculino,Divorciado,0,0,5,1
26,56745,Masculino,Divorciado,0,1,15,0
43,61890,Feminino,Casado,0,0,23,0
64,50022,Feminino,Divorciado,2,0,47,0
39,82579,Masculino,Divorciado,0,1,38,0
64,100316,Feminino,Solteiro,2,0,29,0
47,113847,Feminino,Solteiro,4,1,44,1
60,58380,Feminino,Divorciado,2,0,12,0
34,32356,Masculino,Casado,4,0,4,1
43,100326,Masculino,Solteiro,4,1,24,0
53,119899,Feminino,Divorciado,2,1,19,1
18,50049,Feminino,Divorciado,1,0,17,0
25,105717,Masculino,Casado,3,0,46,0
52,46082,Masculino,Casado,0,0,17,0
32,30661,Feminino,Solteiro,3,0,1,0
64,67412,Feminino,Casado,0,0,9,0
39,32920,Masculino,Divorciado,0,0,44,1
31,90315,Masculino,Divorciado,4,1,49,0
43,109561,Masculino,Casado,0,1,46,1
45,38946,Feminino,Casado,0,1,11,0
40,75500,Masculino,Casado,2,0,46,1
31,46309,Feminino,Casado,3,0,12,0
41,85230,Masculino,Solteiro,2,0,49,0
19,60027,Masculino,Casado,0,1,46,1
62,102541,Masculino,Solteiro,4,1,10,0
43,89321,Masculino,Divorciado,2,0,18,0
31,30956,Feminino,Casado,2,0,34,0
24,104131,Feminino,Solteiro,1,1,38,0
20,77908,Masculino,Casado,0,1,25,0
64,108339,Feminino,Divorciado,4,1,45,1
40,55963,Masculino,Divorciado,2,0,13,0
63,69443,Masculino,Divorciado,2,0,44,0
60,69063,Masculino,Casado,4,0,43,0
64,110818,Masculino,Casado,0,1,23,0
62,34703,Feminino,Solteiro,1,1,40,0
35,95128,Masculino,Divorciado,2,0,0,1
55,102099,Masculino,Casado,1,0,42,0
52,55849,Feminino,Divorciado,3,1,21,1
32,61860,Masculino,Divorciado,0,0,22,0
42,61585,Masculino,Solteiro,3,1,18,0
54,52015,Masculino,Solteiro,3,1,17,0
45,107539,Feminino,Solteiro,3,0,11,0
27,73585,Masculino,Solteiro,0,1,27,0
56,56958,Feminino,Divorciado,0,0,27,0
34,56017,Masculino,Solteiro,4,1,32,1
56,106707,Masculino,Solteiro,1,1,18,0
39,75350,Feminino,Solteiro,1,0,27,1
43,42201,Masculino,Solteiro,4,1,48,0
61,59426,Masculino,Divorciado,4,0,36,1
42,47778,Feminino,Solteiro,3,0,25,1
34,75241,Feminino,Divorciado,4,1,34,0
30,72229,Feminino,Casado,2,0,33,1
37,116652,Feminino,Divorciado,1,0,34,0
42,78364,Feminino,Divorciado,4,0,39,1
21,114878,Masculino,Solteiro,2,0,15,0
27,87056,Feminino,Casado,2,0,37,0
20,57490,Masculino,Casado,2,0,12,1
58,49975,Masculino,Casado,2,1,22,0
62,56723,Masculino,Casado,3,0,21,0
35,53279,Feminino,Divorciado,2,1,15,1
64,108301,Feminino,Casado,3,1,27,0
53,41561,Masculino,Divorciado,3,0,47,0
64,96061,Feminino,Divorciado,2,1,34,0
39,118397,Feminino,Divorciado,1,1,44,0
51,79153,Feminino,Casado,2,0,45,1
64,63142,Feminino,Solteiro,2,0,7,0
25,56916,Masculino,Solteiro,2,0,43,0
57,94324,Masculino,Casado,1,1,21,0
61,74965,Feminino,Solteiro,0,1,20,1
36,34648,Masculino,Solteiro,0,0,25,0
59,65133,Feminino,Divorciado,3,0,39,0
58,80677,Feminino,Divorciado,3,1,20,1
54,100135,Masculino,Casado,1,1,24,0
23,65046,Masculino,Casado,4,1,40,0
43,77064,Masculino,Solteiro,0,1,0,0
51,99350,Feminino,Divorciado,3,0,5,0
62,75893,Masculino,Casado,0,1,22,0
23,91272,Feminino,Casado,1,1,22,0
54,97649,Masculino,Casado,1,1,42,1
50,94674,Masculino,Casado,4,1,42,0
39,43760,Feminino,Casado,4,0,22,1
38,51927,Feminino,Casado,1,0,31,0
23,116475,Feminino,Solteiro,3,1,29,1
23,91367,Feminino,Divorciado,0,1,12,1
21,42588,Feminino,Divorciado,2,0,42,0
47,82233,Feminino,Casado,4,0,17,0
28,74738,Feminino,Divorciado,2,1,22,0
47,63397,Feminino,Divorciado,3,1,14,1
48,112189,Masculino,Divorciado,4,0,32,1
41,106367,Feminino,Casado,2,0,20,0
26,101260,Feminino,Casado,3,0,38,0
20,106619,Masculino,Divorciado,0,0,22,0
48,49816,Feminino,Divorciado,3,0,26,1
57,72240,Masculino,Casado,4,0,44,0
54,36276,Masculino,Solteiro,1,1,43,0
53,109530,Feminino,Divorciado,0,0,17,0
41,53499,Masculino,Solteiro,2,0,23,0
48,118576,Feminino,Divorciado,4,0,46,1
23,112495,Masculino,Solteiro,1,0,39,0
19,101635,Masculino,Solteiro,3,1,41,0
37,115112,Masculino,Solteiro,1,1,6,0
45,65946,Feminino,Casado,4,0,49,0
28,85204,Feminino,Solteiro,4,1,47,0
21,81886,Masculino,Solteiro,1,1,19,1
32,101652,Masculino,Solteiro,3,1,26,1
23,45563,Feminino,Divorciado,1,1,5,0
47,39847,Feminino,Solteiro,4,1,26,0
55,56155,Masculino,Divorciado,4,1,8,1
19,109671,Masculino,Solteiro,2,0,44,0
32,113310,Feminino,Solteiro,2,0,30,0
28,97278,Feminino,Casado,0,0,20,1
25,48309,Feminino,Divorciado,4,0,25,1
43,30619,Feminino,Solteiro,2,0,39,1
62,113194,Feminino,Divorciado,1,1,47,1
61,80108,Masculino,Divorciado,3,0,44,1
22,64707,Feminino,Casado,1,0,12,0
23,50337,Masculino,Casado,3,1,48,0
43,111537,Feminino,Casado,2,1,22,0
21,96504,Masculino,Casado,0,0,19,0
36,77614,Feminino,Casado,1,1,36,0
37,30281,Feminino,Casado,1,1,27,0
50,57420,Masculino,Casado,1,1,16,0
37,110896,Masculino,Casado,3,1,27,0
29,69030,Feminino,Solteiro,2,0,40,0
64,31058,Feminino,Divorciado,1,1,1,0
18,116213,Feminino,Casado,1,0,24,0
43,106260,Feminino,Casado,0,0,49,1
31,58404,Feminino,Divorciado,0,1,40,0
55,59856,Masculino,Solteiro,2,1,5,0
54,39200,Masculino,Divorciado,2,1,10,1
28,94178,Feminino,Divorciado,4,0,37,0
53,63997,Masculino,Casado,0,1,5,0
30,55611,Masculino,Divorciado,4,1,44,0
60,71235,Masculino,Divorciado,3,1,10,0
20,65057,Feminino,Casado,4,1,13,1
50,31239,Masculino,Casado,1,1,1,0
23,95661,Feminino,Casado,4,0,39,0
27,75272,Masculino,Casado,2,1,2,0
22,119393,Feminino,Divorciado,3,1,34,0
40,91212,Masculino,Divorciado,1,1,32,0
27,45398,Feminino,Solteiro,4,0,23,0
61,86503,Feminino,Solteiro,3,1,18,0
19,36638,Masculino,Divorciado,3,0,17,0
